rank,alpha,trainable_params,train_time_min,peak_vram_gb,eval_loss,eval_perplexity
8,16,2293760,2.7799065589904783,5.639619584,0.8801227807998657,2.4111957367846104
16,32,4587520,3.0319791475931805,4.875621376,0.8631365895271301,2.3705845955685336
64,128,18350080,2.8619853615760804,6.617683456,0.8444555401802063,2.326710669175009
